-- MySQL dump 10.13  Distrib 5.7.20, for Linux (x86_64)
--
-- Host: 127.0.0.1    Database: util
-- ------------------------------------------------------
-- Server version	5.5.5-10.1.29-MariaDB

/*!40101 SET @OLD_CHARACTER_SET_CLIENT=@@CHARACTER_SET_CLIENT */;
/*!40101 SET @OLD_CHARACTER_SET_RESULTS=@@CHARACTER_SET_RESULTS */;
/*!40101 SET @OLD_COLLATION_CONNECTION=@@COLLATION_CONNECTION */;
/*!40101 SET NAMES utf8 */;
/*!40103 SET @OLD_TIME_ZONE=@@TIME_ZONE */;
/*!40103 SET TIME_ZONE='+00:00' */;
/*!40014 SET @OLD_UNIQUE_CHECKS=@@UNIQUE_CHECKS, UNIQUE_CHECKS=0 */;
/*!40014 SET @OLD_FOREIGN_KEY_CHECKS=@@FOREIGN_KEY_CHECKS, FOREIGN_KEY_CHECKS=0 */;
/*!40101 SET @OLD_SQL_MODE=@@SQL_MODE, SQL_MODE='NO_AUTO_VALUE_ON_ZERO' */;
/*!40111 SET @OLD_SQL_NOTES=@@SQL_NOTES, SQL_NOTES=0 */;

/*!40000 ALTER TABLE `paises` DISABLE KEYS */;
INSERT INTO paises (pais_id, nombre) VALUES ('BE','Bélgica'),('BG','Bulgaria'),('CZ','República Checa'),('DE','Alemania'),('DK','Dinamarca'),('EC','Ecuador'),('ES','España'),('UK','Reino Unido');
/*!40000 ALTER TABLE `paises` ENABLE KEYS */;


-- TABLES `ciudades` WRITE;
/*!40000 ALTER TABLE `ciudades` DISABLE KEYS */;
INSERT INTO ciudades (ciudad_id, nombre, pais_id) VALUES ('0101','CUENCA','EC'),('0102','GIRON','EC'),('0103','GUALACEO','EC'),('0104','NABON','EC'),('0105','PAUTE','EC'),('0106','PUCARA','EC'),('0107','SAN FERNANDO','EC'),('0108','SANTA ISABEL','EC'),('0109','SIGSIG','EC'),('0110','OÑA','EC'),('0111','CHORDELEG','EC'),('0112','EL PAN','EC'),('0113','SEVILLA DE ORO','EC'),('0114','GUACHAPALA','EC'),('0115','CAMILO PONCE ENRIQUEZ','EC'),('0201','GUARANDA','EC'),('0202','CHILLANES','EC'),('0203','CHIMBO','EC'),('0204','ECHEANDIA','EC'),('0205','SAN MIGUEL','EC'),('0206','CALUMA','EC'),('0207','LAS NAVES','EC'),('0301','AZOGUES','EC'),('0302','BIBLIAN','EC'),('0303','CAÑAR','EC'),('0304','LA TRONCAL','EC'),('0305','EL TAMBO','EC'),('0306','DELEG','EC'),('0307','SUSCAL','EC'),('0401','TULCAN','EC'),('0402','BOLIVAR','EC'),('0403','ESPEJO','EC'),('0404','MIRA','EC'),('0405','MONTUFAR','EC'),('0406','SAN PEDRO DE HUACA','EC'),('0501','LATACUNGA','EC'),('0502','LA MANA','EC'),('0503','PANGUA','EC'),('0504','PUJILI','EC'),('0505','SALCEDO','EC'),('0506','SAQUISILI','EC'),('0507','SIGCHOS','EC'),('0601','RIOBAMBA','EC'),('0602','ALAUSI','EC'),('0603','COLTA','EC'),('0604','CHAMBO','EC'),('0605','CHUNCHI','EC'),('0606','GUAMOTE','EC'),('0607','GUANO','EC'),('0608','PALLATANGA','EC'),('0609','PENIPE','EC'),('0610','CUMANDA','EC'),('0701','MACHALA','EC'),('0702','ARENILLAS','EC'),('0703','ATAHUALPA','EC'),('0704','BALSAS','EC'),('0705','CHILLA','EC'),('0706','EL GUABO','EC'),('0707','HUAQUILLAS','EC'),('0708','MARCABELI','EC'),('0709','PASAJE','EC'),('0710','PIÑAS','EC'),('0711','PORTOVELO','EC'),('0712','SANTA ROSA','EC'),('0713','ZARUMA','EC'),('0714','LAS LAJAS','EC'),('0801','ESMERALDAS','EC'),('0802','ELOY ALFARO','EC'),('0803','MUISNE','EC'),('0804','QUININDE','EC'),('0805','SAN LORENZO','EC'),('0806','ATACAMES','EC'),('0807','RIOVERDE','EC'),('0901','GUAYAQUIL','EC'),('0902','ALFREDO BAQUERIZO MORENO (JUJAN)','EC'),('0903','BALAO','EC'),('0904','BALZAR','EC'),('0905','COLIMES','EC'),('0906','DAULE','EC'),('0907','DURAN','EC'),('0908','EL EMPALME','EC'),('0909','EL TRIUNFO','EC'),('0910','MILAGRO','EC'),('0911','NARANJAL','EC'),('0912','NARANJITO','EC'),('0913','PALESTINA','EC'),('0914','PEDRO CARBO','EC'),('0916','SAMBORONDON','EC'),('0918','SANTA LUCIA','EC'),('0919','URBINA JADO','EC'),('0920','YAGUACHI','EC'),('0921','PLAYAS','EC'),('0922','SIMON BOLIVAR','EC'),('0923','CORONEL MARCELINO MARIDUEÑA','EC'),('0924','LOMAS DE SARGENTILLO','EC'),('0925','NOBOL','EC'),('0927','GENERAL  ANTONIO ELIZALDE','EC'),('0928','ISIDRO AYORA','EC'),('1001','IBARRA','EC'),('1002','ANTONIO ANTE','EC'),('1003','COTACACHI','EC'),('1004','OTAVALO','EC'),('1005','PIMAMPIRO','EC'),('1006','SAN MIGUEL DE URCUQUI','EC'),('1101','LOJA','EC'),('1102','CALVAS','EC'),('1103','CATAMAYO','EC'),('1104','CELICA','EC'),('1105','CHAGUARPAMBA','EC'),('1106','ESPINDOLA','EC'),('1107','GONZANAMA','EC'),('1108','MACARA','EC'),('1109','PALTAS','EC'),('1110','PUYANGO','EC'),('1111','SARAGURO','EC'),('1112','SOZORANGA','EC'),('1113','ZAPOTILLO','EC'),('1114','PINDAL','EC'),('1115','QUILANGA','EC'),('1116','OLMEDO','EC'),('1201','BABAHOYO','EC'),('1202','BABA','EC'),('1203','MONTALVO','EC'),('1204','PUEBLOVIEJO','EC'),('1205','QUEVEDO','EC'),('1206','URDANETA','EC'),('1207','VENTANAS','EC'),('1208','VINCES','EC'),('1209','PALENQUE','EC'),('1210','BUENA FE','EC'),('1211','VALENCIA','EC'),('1212','MOCACHE','EC'),('1213','QUINSALOMA','EC'),('1301','PORTOVIEJO','EC'),('1302','BOLIVAR','EC'),('1303','CHONE','EC'),('1304','EL CARMEN','EC'),('1305','FLAVIO ALFARO','EC'),('1306','JIPIJAPA','EC'),('1307','JUNIN','EC'),('1308','MANTA','EC'),('1309','MONTECRISTI','EC'),('1310','PAJAN','EC'),('1311','PICHINCHA','EC'),('1312','ROCAFUERTE','EC'),('1313','SANTA ANA','EC'),('1314','SUCRE','EC'),('1315','TOSAGUA','EC'),('1316','24 DE MAYO','EC'),('1317','PEDERNALES','EC'),('1318','OLMEDO','EC'),('1319','PUERTO LOPEZ','EC'),('1320','JAMA','EC'),('1321','JARAMIJO','EC'),('1322','SAN VICENTE','EC'),('1401','MORONA','EC'),('1402','GUALAQUIZA','EC'),('1403','LIMON INDANZA','EC'),('1404','PALORA','EC'),('1405','SANTIAGO','EC'),('1406','SUCUA','EC'),('1407','HUAMBOYA','EC'),('1408','SAN JUAN BOSCO','EC'),('1409','TAISHA','EC'),('1410','LOGROÑO','EC'),('1411','PABLO SEXTO','EC'),('1412','TIWINTZA','EC'),('1501','TENA','EC'),('1503','ARCHIDONA','EC'),('1504','EL CHACO','EC'),('1507','QUIJOS','EC'),('1509','CARLOS JULIO AROSEMENA TOLA','EC'),('1601','PASTAZA','EC'),('1602','MERA','EC'),('1603','SANTA CLARA','EC'),('1604','ARAJUNO','EC'),('1701','DISTRITO METROPOLITANO DE QUITO','EC'),('1702','CAYAMBE','EC'),('1703','MEJIA','EC'),('1704','PEDRO MONCAYO','EC'),('1705','RUMIÑAHUI','EC'),('1707','SAN MIGUEL DE LOS BANCOS','EC'),('1708','PEDRO VICENTE MALDONADO','EC'),('1709','PUERTO QUITO','EC'),('1801','AMBATO','EC'),('1802','BAÑOS DE AGUA SANTA','EC'),('1803','CEVALLOS','EC'),('1804','MOCHA','EC'),('1805','PATATE','EC'),('1806','QUERO','EC'),('1807','PELILEO','EC'),('1808','PILLARO','EC'),('1809','TISALEO','EC'),('1901','ZAMORA','EC'),('1902','CHINCHIPE','EC'),('1903','NANGARITZA','EC'),('1904','YACUAMBI','EC'),('1905','YANTZAZA','EC'),('1906','EL PANGUI','EC'),('1907','CENTINELA DEL CONDOR','EC'),('1908','PALANDA','EC'),('1909','PAQUISHA','EC'),('2001','SAN CRISTOBAL','EC'),('2002','ISABELA','EC'),('2003','SANTA CRUZ','EC'),('2101','LAGO AGRIO','EC'),('2102','GONZALO PIZARRO','EC'),('2103','PUTUMAYO','EC'),('2104','SHUSHUFINDI','EC'),('2105','SUCUMBIOS','EC'),('2106','CASCALES','EC'),('2107','CUYABENO','EC'),('2201','ORELLANA','EC'),('2202','AGUARICO','EC'),('2203','LA JOYA DE LOS SACHAS','EC'),('2204','LORETO','EC'),('2301','SANTO DOMINGO','EC'),('2302','LA CONCORDIA','EC'),('2401','SANTA ELENA','EC'),('2402','LA LIBERTAD','EC'),('2403','SALINAS','EC'),('9001','LAS GOLONDRINAS','EC'),('9004','EL PIEDRERO','EC'),('9005','SANTA ROSA DE AGUA CLARA','EC'),('9006','JUVAL','EC'),('9007','ABDON CALDERON','EC'),('9008','MATILDE ESTHER','EC');
/*!40000 ALTER TABLE `ciudades` ENABLE KEYS */;
--UNLOCK TABLES;


--
-- Dumping data for table `area_postal`
--

--LOCK TABLES `area_postal` WRITE;
/*!40000 ALTER TABLE `area_postal` DISABLE KEYS */;
INSERT INTO area_postal (codigo_postal, ciudad_id, descripcion) VALUES ('010150','0101','CUENCA'),('010151','0101','BAÑOS'),('010152','0101','CUMBE'),('010153','0101','CHAUCHA'),('010154','0101','CHECA (JIDCAY)'),('010155','0101','CHIQUINTAD'),('010156','0101','LLACAO'),('010157','0101','MOLLETURO'),('010158','0101','NULTI'),('010159','0101','OCTAVIO CORDERO PALACIOS (STA. ROSA)'),('010160','0101','PACCHA'),('010161','0101','QUINGEO'),('010162','0101','RICAURTE'),('010163','0101','SAN JOAQUIN'),('010164','0101','SANTA ANA'),('010165','0101','SAYAUSI'),('010166','0101','SIDCAY'),('010167','0101','SININCAY'),('010168','0101','TARQUI'),('010169','0101','TURI'),('010170','0101','VALLE'),('010171','0101','VICTORIA DEL PORTETE (IRQUIS)'),('010250','0102','GIRON'),('010251','0102','ASUNCION'),('010252','0102','SAN GERARDO'),('010350','0103','GUALACEO'),('010352','0103','DANIEL CORDOVA TORAL (EL ORIENTE)'),('010353','0103','JADAN'),('010354','0103','MARIANO MORENO'),('010356','0103','REMIGIO CRESPO TORAL (GULAG)'),('010357','0103','SAN JUAN'),('010358','0103','ZHIDMAD'),('010359','0103','LUIS CORDERO VEGA'),('010360','0103','SIMON BOLIVAR (CAB. EN GAÑANZOL)'),('010450','0104','NABON'),('010451','0104','COCHAPATA'),('010452','0104','EL PROGRESO (CAB. EN ZHOTA)'),('010453','0104','LAS NIEVES (CHAYA)'),('010550','0105','PAUTE'),('010552','0105','BULAN (JOSE VICTOR IZQUIERDO)'),('010553','0105','CHICAN (GUILLERMO ORTEGA)'),('010554','0105','EL CABO'),('010556','0105','GUARAINAG'),('010559','0105','SAN CRISTOBAL (CARLOS ORDOÑEZ LAZO)'),('010561','0105','TOMEBAMBA'),('010562','0105','DUG DUG'),('010650','0106','PUCARA'),('010652','0106','SAN RAFAEL DE SHARUG'),('010750','0107','SAN FERNANDO'),('010751','0107','CHUMBLIN'),('010850','0108','SANTA ISABEL (CHAGUARURCO)'),('010851','0108','ABDON CALDERON (LA UNION)'),('010852','0108','EL CARMEN DE PIJILI'),('010853','0108','ZHAGLLI (SHAGLLI )'),('010854','0108','SAN SALVADOR DE CAÑARIBAMBA'),('010950','0109','SIGSIG'),('010951','0109','CUCHIL (CUTCHIL)'),('010952','0109','GIMA'),('010953','0109','GUEL'),('010954','0109','LUDO'),('010955','0109','SAN BARTOLOME'),('010956','0109','SAN JOSE DE RARANGA'),('011050','0110','SAN FELIPE DE OÑA'),('011051','0110','SUSUDEL'),('011150','0111','CHORDELEG'),('011151','0111','PRINCIPAL'),('011152','0111','LA UNION'),('011153','0111','LUIS GALARZA ORELLANA (CAB. EN DELEGSOL)'),('011154','0111','SAN MARTIN DE PUZHIO'),('011250','0112','EL PAN'),('011253','0112','SAN VICENTE'),('011350','0113','SEVILLA DE ORO'),('011351','0113','AMALUZA'),('011352','0113','PALMAS'),('011450','0114','GUACHAPALA'),('011550','0115','CAMILO PONCE ENRIQUEZ'),('020150','0201','GUARANDA'),('020151','0201','FACUNDO VELA'),('020153','0201','JULIO MORENO (CATANAHUAN GRANDE)'),('020155','0201','SALINAS'),('020156','0201','SAN LORENZO'),('020157','0201','SAN SIMON (YACOTO)'),('020158','0201','SANTA FE (SANTA FE)'),('020159','0201','SIMIATUG'),('020160','0201','SAN LUIS DE PAMBIL'),('020250','0202','CHILLANES'),('020251','0202','SAN JOSE DEL TAMBO (TAMBOPAMBA)'),('020350','0203','SAN JOSE DE CHIMBO'),('020351','0203','ASUNCION (ASANCOTO)'),('020353','0203','MAGDALENA (CHAPACOTO)'),('020354','0203','SAN SEBASTIAN'),('020355','0203','TELIMBELA'),('020450','0204','ECHEANDIA'),('020550','0205','SAN MIGUEL'),('020551','0205','BALSAPAMBA'),('020552','0205','BILOVAN'),('020553','0205','REGULO DE MORA'),('020554','0205','SAN PABLO (SAN PABLO DE ATENAS)'),('020555','0205','SANTIAGO'),('020556','0205','SAN VICENTE'),('020650','0206','CALUMA'),('020750','0207','LAS NAVES'),('030150','0301','AZOGUES'),('030151','0301','COJITAMBO'),('030153','0301','GUAPAN'),('030154','0301','JAVIER LOYOLA (CHUQUIPATA)'),('030155','0301','LUIS CORDERO'),('030156','0301','PINDILIG'),('030157','0301','RIVERA'),('030158','0301','SAN MIGUEL'),('030160','0301','TADAY'),('030250','0302','BIBLIAN'),('030251','0302','NAZON (CAB. EN PAMPA DE DOMINGUEZ)'),('030252','0302','SAN FRANCISCO DE SAGEO'),('030253','0302','TURUPAMBA'),('030254','0302','JERUSALEN'),('030350','0303','CAÑAR'),('030351','0303','CHONTAMARCA'),('030352','0303','CHOROCOPTE'),('030353','0303','GENERAL MORALES (SOCARTE)'),('030354','0303','GUALLETURO'),('030355','0303','HONORATO VASQUEZ (TAMBO VIEJO)'),('030356','0303','INGAPIRCA'),('030357','0303','JUNCAL'),('030358','0303','SAN ANTONIO'),('030361','0303','ZHUD'),('030362','0303','VENTURA'),('030363','0303','DUCUR'),('030450','0304','LA TRONCAL'),('030451','0304','MANUEL J. CALLE'),('030452','0304','PANCHO NEGRO'),('030550','0305','EL TAMBO'),('030650','0306','DELEG'),('030651','0306','SOLANO'),('030750','0307','SUSCAL'),('040150','0401','TULCAN'),('040151','0401','EL CARMELO (EL PUN)'),('040153','0401','JULIO ANDRADE (OREJUELA)'),('040154','0401','MALDONADO'),('040155','0401','PIOTER'),('040156','0401','TOBAR DONOSO (LA BOCANA DE CAMUMBI)'),('040157','0401','TUFIÑO'),('040158','0401','URBINA (TAYA)'),('040159','0401','EL CHICAL'),('040161','0401','SANTA MARTHA DE CUBA'),('040250','0402','BOLIVAR'),('040251','0402','GARCIA MORENO'),('040252','0402','LOS ANDES'),('040253','0402','MONTE OLIVO'),('040254','0402','SAN VICENTE DE PUSIR'),('040255','0402','SAN RAFAEL'),('040350','0403','EL ANGEL'),('040351','0403','EL GOALTAL'),('040352','0403','LA LIBERTAD (ALIZO)'),('040353','0403','SAN ISIDRO'),('040450','0404','MIRA (CHONTAHUASI)'),('040451','0404','CONCEPCION'),('040452','0404','JIJON Y CAAMAÑO (CAB. EN RIO BLANCO)'),('040453','0404','JUAN MONTALVO (SAN IGNACIO DE QUIL)'),('040550','0405','SAN GABRIEL'),('040551','0405','CRISTOBAL COLON'),('040552','0405','CHITAN DE NAVARRETE'),('040553','0405','FERNANDEZ SALVADOR'),('040554','0405','LA PAZ'),('040555','0405','PIARTAL'),('040650','0406','HUACA'),('040651','0406','MARISCAL SUCRE'),('050150','0501','LATACUNGA'),('050151','0501','ALAQUES (ALAQUEZ)'),('050152','0501','BELISARIO QUEVEDO (GUANAILIN)'),('050153','0501','GUAITACAMA (GUAYTACAMA)'),('050154','0501','JOSEGUANGO BAJO'),('050156','0501','MULALO'),('050157','0501','11 DE NOVIEMBRE (ILINCHISI)'),('050158','0501','POALO'),('050159','0501','SAN JUAN DE PASTOCALLE'),('050161','0501','TANICUCHI'),('050162','0501','TOACASO'),('050250','0502','LA MANA'),('050251','0502','GUASAGANDA (CAB. EN GUASAGANDA CENTRO)'),('050252','0502','PUCAYACU'),('050350','0503','EL CORAZON'),('050351','0503','MORASPUNGO'),('050352','0503','PINLLOPATA'),('050353','0503','RAMON CAMPAÑA'),('050450','0504','PUJILI'),('050451','0504','ANGAMARCA'),('050453','0504','GUANGAJE'),('050455','0504','LA VICTORIA'),('050456','0504','PILALO'),('050457','0504','TINGO'),('050458','0504','ZUMBAHUA'),('050550','0505','SAN MIGUEL'),('050551','0505','ANTONIO JOSE HOLGUIN (SANTA LUCIA)'),('050552','0505','CUSUBAMBA'),('050553','0505','MULALILLO'),('050554','0505','MULLIQUINDIL (SANTA ANA)'),('050555','0505','PANSALEO'),('050650','0506','SAQUISILI'),('050651','0506','CANCHAGUA'),('050652','0506','CHANTILIN'),('050653','0506','COCHAPAMBA'),('050750','0507','SIGCHOS'),('050751','0507','CHUGCHILLAN'),('050752','0507','ISINLIVI'),('050753','0507','LAS PAMPAS'),('050754','0507','PALO QUEMADO'),('060150','0601','RIOBAMBA'),('060151','0601','CACHA (CAB. EN MACHANGARA)'),('060152','0601','CALPI'),('060153','0601','CUBIJIES'),('060154','0601','FLORES'),('060155','0601','LICAN'),('060156','0601','LICTO'),('060157','0601','PUNGALA'),('060158','0601','PUNIN'),('060159','0601','QUIMIAG'),('060160','0601','SAN JUAN'),('060161','0601','SAN LUIS'),('060250','0602','ALAUSI'),('060251','0602','ACHUPALLAS'),('060253','0602','GUASUNTOS'),('060254','0602','HUIGRA'),('060255','0602','MULTITUD'),('060256','0602','PISTISHI (NARIZ DEL DIABLO)'),('060257','0602','PUMALLACTA'),('060258','0602','SEVILLA'),('060259','0602','SIBAMBE'),('060260','0602','TIXAN'),('060350','0603','VILLA LA UNION (CAJABAMBA)'),('060351','0603','CAÑI'),('060352','0603','COLUMBE'),('060353','0603','JUAN DE VELASCO (PANGOR)'),('060354','0603','SANTIAGO DE QUITO (CAB. EN SAN ANTONIO DE QUITO)'),('060450','0604','CHAMBO'),('060550','0605','CHUNCHI'),('060551','0605','CAPZOL'),('060552','0605','COMPUD'),('060553','0605','GONZOL'),('060554','0605','LLAGOS'),('060650','0606','GUAMOTE'),('060651','0606','CEBADAS'),('060652','0606','PALMIRA'),('060750','0607','GUANO'),('060751','0607','GUANANDO'),('060752','0607','ILAPO'),('060753','0607','LA PROVIDENCIA'),('060754','0607','SAN ANDRES'),('060755','0607','SAN GERARDO DE PACAICAGUAN'),('060756','0607','SAN ISIDRO DE PATULU'),('060757','0607','SAN JOSE DEL CHAZO'),('060758','0607','SANTA FE DE GALAN'),('060759','0607','VALPARAISO'),('060850','0608','PALLATANGA'),('060950','0609','PENIPE'),('060951','0609','EL ALTAR'),('060952','0609','MATUS'),('060953','0609','PUELA'),('060954','0609','SAN ANTONIO DE BAYUSHIG'),('060955','0609','LA CANDELARIA'),('060956','0609','BILBAO (CAB. EN QUILLUYACU)'),('061050','0610','CUMANDA'),('070150','0701','MACHALA'),('070152','0701','EL RETIRO'),('070250','0702','ARENILLAS'),('070251','0702','CHACRAS'),('070254','0702','PALMALES'),('070255','0702','CARCABON'),('070350','0703','PACCHA'),('070351','0703','AYAPAMBA'),('070352','0703','CORDONCILLO'),('070353','0703','MILAGRO'),('070354','0703','SAN JOSE'),('070355','0703','SAN JUAN DE CERRO AZUL'),('070450','0704','BALSAS'),('070451','0704','BELLAMARIA'),('070550','0705','CHILLA'),('070650','0706','EL GUABO'),('070651','0706','BARBONES (SUCRE)'),('070652','0706','LA IBERIA'),('070653','0706','TENDALES (CAB. EN PUERTO TENDALES)'),('070654','0706','RIO BONITO'),('070750','0707','HUAQUILLAS'),('070850','0708','MARCABELI'),('070851','0708','EL INGENIO'),('070950','0709','PASAJE'),('070951','0709','BUENAVISTA'),('070952','0709','CASACAY'),('070953','0709','LA PEAÑA'),('070954','0709','PROGRESO'),('070955','0709','UZHCURRUMI'),('070956','0709','CAÑAQUEMADA'),('071050','0710','PIÑAS'),('071051','0710','CAPIRO (CAB. EN LA CAPILLA DE CAPIRO)'),('071052','0710','LA BOCANA'),('071053','0710','MOROMORO (CAB. EN EL VADO)'),('071054','0710','PIEDRAS'),('071055','0710','SAN ROQUE (AMBROSIO MALDONADO)'),('071056','0710','SARACAY'),('071150','0711','PORTOVELO'),('071151','0711','CURTINCAPA'),('071152','0711','MORALES'),('071153','0711','SALATI'),('071250','0712','SANTA ROSA'),('071251','0712','BELLAVISTA'),('071252','0712','JAMBELI'),('071253','0712','LA AVANZADA'),('071254','0712','SAN ANTONIO'),('071255','0712','TORATA'),('071256','0712','VICTORIA'),('071257','0712','BELLAMARIA'),('071350','0713','ZARUMA'),('071351','0713','ABAÑIN'),('071352','0713','ARCAPAMBA'),('071353','0713','GUANAZAN'),('071354','0713','GUIZHAGUIÑA'),('071355','0713','HUERTAS'),('071356','0713','MALVAS'),('071357','0713','MULUNCAY GRANDE'),('071358','0713','SINSAO'),('071359','0713','SALVIAS'),('071450','0714','LA VICTORIA'),('071451','0714','LA LIBERTAD'),('071452','0714','EL PARAISO'),('071453','0714','SAN ISIDRO'),('080150','0801','ESMERALDAS'),('080152','0801','CAMARONES (CAB. EN SAN VICENTE)'),('080153','0801','CORONEL CARLOS CONCHA TORRES (CAB. EN HUELE)'),('080154','0801','CHINCA'),('080159','0801','MAJUA'),('080163','0801','SAN MATEO'),('080165','0801','TABIAZO'),('080166','0801','TACHINA'),('080168','0801','VUELTA LARGA'),('080250','0802','VALDEZ (LIMONES)'),('080251','0802','ANCHAYACU'),('080252','0802','ATAHUALPA (CAB. EN CAMARONES)'),('080253','0802','BORBON'),('080254','0802','LA TOLA'),('080255','0802','LUIS VARGAS TORRES (CAB. EN PLAYA DE ORO)'),('080256','0802','MALDONADO'),('080257','0802','PAMPANAL DE BOLIVAR'),('080258','0802','SAN FRANCISCO DE ONZOLE'),('080259','0802','SANTO DOMINGO DE ONZOLE'),('080260','0802','SELVA ALEGRE'),('080261','0802','TELEMBI'),('080262','0802','COLON ELOY DEL MARIA'),('080263','0802','SAN JOSE DE CAYAPAS'),('080264','0802','TIMBIRE'),('080265','0802','SANTA LUCIA DE LAS PEÑAS'),('080350','0803','MUISNE'),('080351','0803','BOLIVAR'),('080352','0803','DAULE'),('080353','0803','GALERA'),('080354','0803','QUINGUE (OLMEDO PERDOMO FRANCO)'),('080355','0803','SALIMA'),('080356','0803','SAN FRANCISCO'),('080357','0803','SAN GREGORIO'),('080358','0803','SAN JOSE DE CHAMANGA'),('080450','0804','ROSA ZARATE (QUININDE)'),('080451','0804','CUBE'),('080452','0804','CHURA (CHANCAMA) (CAB. EN EL YERBERO)'),('080453','0804','MALIMPIA'),('080454','0804','VICHE'),('080455','0804','LA UNION'),('080550','0805','SAN LORENZO'),('080551','0805','ALTO TAMBO (CAB EN GUADUAL)'),('080552','0805','ANCON (PICHANGAL) (CAB. EN PALMA REAL)'),('080553','0805','CALDERON'),('080554','0805','CARONDELET'),('080555','0805','5 DE JUNIO (CAB. EN UIMBI)'),('080556','0805','CONCEPCION'),('080557','0805','MATAJE (CAB. EN SANTANDER)'),('080558','0805','SAN JAVIER DE CACHAVI (CAB. EN SAN JAVIER)'),('080559','0805','SANTA RITA'),('080560','0805','TAMBILLO'),('080561','0805','TULULBI (CAB. EN RICAURTE)'),('080562','0805','URBINA'),('080650','0806','ATACAMES'),('080651','0806','LA UNION'),('080652','0806','SUA (CAB. EN LA BOCANA)'),('080653','0806','TONCHIGUE'),('080654','0806','TONSUPA'),('080750','0807','RIOVERDE'),('080751','0807','CHONTADURO'),('080752','0807','CHUMUNDE'),('080753','0807','LAGARTO'),('080754','0807','MONTALVO (CAB EN HORQUETA)'),('080755','0807','ROCAFUERTE'),('090150','0901','GUAYAQUIL'),('090152','0901','JUAN GOMEZ RENDON (PROGRESO)'),('090153','0901','MORRO'),('090156','0901','POSORJA'),('090157','0901','PUNA'),('090158','0901','TENGUEL'),('090250','0902','ALFREDO BAQUERIZO MORENO (JUJAN)'),('090350','0903','BALAO'),('090450','0904','BALZAR'),('090550','0905','COLIMES'),('090551','0905','SAN JACINTO'),('090650','0906','DAULE'),('090652','0906','JUAN BAUTISTA AGUIRRE (LOS TINTOS)'),('090653','0906','LAUREL'),('090654','0906','LIMONAL'),('090656','0906','LOS LOJAS (ENRIQUE BAQUERIZO MORENO)'),('090750','0907','ELOY ALFARO (DURAN)'),('090850','0908','VELASCO IBARRA (CAB. EL EMPALME)'),('090851','0908','GUAYAS (PUEBLO NUEVO)'),('090852','0908','EL ROSARIO'),('090950','0909','EL TRIUNFO'),('091050','0910','MILAGRO'),('091051','0910','CHOBO'),('091053','0910','MARISCAL SUCRE (HUAQUES)'),('091054','0910','ROBERTO ASTUDILLO (CAB. EN CRUCE DE VENECIA)'),('091150','0911','NARANJAL'),('091151','0911','JESUS MARIA'),('091152','0911','SAN CARLOS'),('091153','0911','SANTA ROSA DE FLANDES'),('091154','0911','TAURA'),('091250','0912','NARANJITO'),('091350','0913','PALESTINA'),('091450','0914','PEDRO CARBO'),('091451','0914','VALLE DE LA VIRGEN'),('091452','0914','SABANILLA'),('091650','0916','SAMBORONDON'),('091651','0916','TARIFA'),('091850','0918','SANTA LUCIA'),('091950','0919','EL SALITRE (LAS RAMAS)'),('091951','0919','GENERAL VERNAZA (DOS ESTEROS)'),('091952','0919','LA VICTORIA (ÑAUZA)'),('091953','0919','JUNQUILLAL'),('092050','0920','SAN JACINTO DE YAGUACHI'),('092053','0920','GENERAL PEDRO J. MONTERO (BOLICHE)'),('092055','0920','YAGUACHI VIEJO (CONE)'),('092056','0920','VIRGEN DE FATIMA'),('092150','0921','GENERAL VILLAMIL (PLAYAS)'),('092250','0922','SIMON BOLIVAR'),('092251','0922','CORONEL LORENZO DE GARAICOA (PEDREGAL)'),('092350','0923','CORONEL MARCELINO MARIDUEÑA (SAN CARLOS)'),('092450','0924','LOMAS DE SARGENTILLO'),('092550','0925','NARCISA DE JESUS'),('092750','0927','GENERAL ANTONIO ELIZALDE (BUCAY)'),('092850','0928','ISIDRO AYORA'),('100150','1001','SAN MIGUEL DE IBARRA'),('100151','1001','AMBUQUI'),('100152','1001','ANGOCHAGUA'),('100153','1001','CAROLINA'),('100154','1001','LA ESPERANZA'),('100155','1001','LITA'),('100156','1001','SALINAS'),('100157','1001','SAN ANTONIO'),('100250','1002','ATUNTAQUI'),('100251','1002','IMBAYA (SAN LUIS DE COBUENDO)'),('100252','1002','SAN FRANCISCO DE NATABUELA'),('100253','1002','SAN JOSE DE CHALTURA'),('100254','1002','SAN ROQUE'),('100350','1003','COTACACHI'),('100351','1003','APUELA'),('100352','1003','GARCIA MORENO (LLURIMAGUA)'),('100353','1003','IMANTAG'),('100354','1003','PEÑAHERRERA'),('100355','1003','PLAZA GUTIERREZ (CALVARIO)'),('100356','1003','QUIROGA'),('100357','1003','6 DE JULIO DE CUELLAJE (CAB. EN CUELLAJE)'),('100358','1003','VACAS GALINDO (EL CHURO) (CAB. EN SAN MIGUEL ALTO)'),('100450','1004','OTAVALO'),('100451','1004','DOCTOR MIGUEL EGAS CABEZAS (PEGUCHE)'),('100452','1004','EUGENIO ESPEJO (CALPAQUI)'),('100453','1004','GONZALEZ SUAREZ'),('100454','1004','PATAQUI'),('100455','1004','SAN JOSE DE QUICHINCHE'),('100456','1004','SAN JUAN DE ILUMAN'),('100457','1004','SAN PABLO'),('100458','1004','SAN RAFAEL'),('100459','1004','SELVA ALEGRE (CAB. EN SAN MIGUEL DE PAMPLONA)'),('100550','1005','PIMAMPIRO'),('100551','1005','CHUGA'),('100552','1005','MARIANO ACOSTA'),('100553','1005','SAN FRANCISCO DE SIGSIPAMBA'),('100650','1006','URCUQUI'),('100651','1006','CAHUASQUI'),('100652','1006','LA MERCED DE BUENOS AIRES'),('100653','1006','PABLO ARENAS'),('100654','1006','SAN BLAS'),('100655','1006','TUMBABIRO'),('110150','1101','LOJA'),('110151','1101','CHANTACO'),('110152','1101','CHUQUIRIBAMBA'),('110153','1101','EL CISNE'),('110154','1101','GUALEL'),('110155','1101','JIMBILLA'),('110156','1101','MALACATOS (VALLADOLID)'),('110157','1101','SAN LUCAS'),('110158','1101','SAN PEDRO DE VILCABAMBA'),('110159','1101','SANTIAGO'),('110160','1101','TAQUIL (MIGUEL RIOFRIO)'),('110161','1101','VILCABAMBA (VICTORIA)'),('110162','1101','YANGANA (ARSENIO CASTILLO)'),('110163','1101','QUINARA'),('110250','1102','CARIAMANGA'),('110251','1102','COLAISACA'),('110252','1102','EL LUCERO'),('110253','1102','UTUANA'),('110254','1102','SANGUILLIN'),('110350','1103','CATAMAYO (LA TOMA)'),('110351','1103','EL TAMBO'),('110352','1103','GUAYQUICHUMA'),('110353','1103','SAN PEDRO DE LA BENDITA'),('110354','1103','ZAMBI'),('110450','1104','CELICA'),('110451','1104','CRUZPAMBA (CAB EN CARLOS BUSTAMANTE)'),('110455','1104','POZUL (SAN JUAN DE POZUL)'),('110456','1104','SABANILLA'),('110457','1104','TENIENTE MAXIMILIANO RODRIGUEZ LOAIZA'),('110550','1105','CHAGUARPAMBA'),('110551','1105','BUENAVISTA'),('110552','1105','EL ROSARIO'),('110553','1105','SANTA RUFINA'),('110554','1105','AMARILLOS'),('110650','1106','AMALUZA'),('110651','1106','BELLAVISTA'),('110652','1106','JIMBURA'),('110653','1106','SANTA TERESITA'),('110654','1106','27 DE ABRIL (CAB. EN LA NARANJA)'),('110655','1106','EL INGENIO'),('110656','1106','EL AIRO'),('110750','1107','GONZANAMA'),('110751','1107','CHANGAIMINA (LA LIBERTAD)'),('110753','1107','NAMBACOLA'),('110754','1107','PURUNUMA (EGUIGUREN)'),('110756','1107','SACAPALCA'),('110850','1108','MACARA'),('110851','1108','LARAMA'),('110852','1108','LA VICTORIA'),('110853','1108','SABIANGO (LA CAPILLA)'),('110950','1109','CATACOCHA'),('110951','1109','CANGONAMA'),('110952','1109','GUACHANAMA'),('110954','1109','LAURO GUERRERO'),('110956','1109','ORIANGA'),('110957','1109','SAN ANTONIO'),('110958','1109','CASANGA'),('110959','1109','YAMANA'),('111050','1110','ALAMOR'),('111051','1110','CIANO'),('111052','1110','EL ARENAL'),('111053','1110','EL LIMO (MARIANA DE JESUS)'),('111054','1110','MERCADILLO'),('111055','1110','VICENTINO'),('111150','1111','SARAGURO'),('111151','1111','EL PARAISO DE CELEN'),('111152','1111','EL TABLON'),('111153','1111','LLUZHAPA'),('111154','1111','MANU'),('111155','1111','SAN ANTONIO DE QUMBE (CUMBE)'),('111156','1111','SAN PABLO DE TENTA'),('111157','1111','SAN SEBASTIAN DE YULUC'),('111158','1111','SELVA ALEGRE'),('111159','1111','URDANETA (PAQUISHAPA)'),('111160','1111','SUMAYPAMBA'),('111250','1112','SOZORANGA'),('111251','1112','NUEVA FATIMA'),('111252','1112','TACAMOROS'),('111350','1113','ZAPOTILLO'),('111351','1113','MANGAHURCO'),('111352','1113','GARZAREAL'),('111353','1113','LIMONES'),('111354','1113','PALETILLAS'),('111355','1113','BOLASPAMBA'),('111356','1113','CAZADEROS'),('111450','1114','PINDAL'),('111451','1114','CHAQUINAL'),('111452','1114','12 DE DICIEMBRE (CAB. EN ACHIOTES)'),('111453','1114','MILAGROS'),('111550','1115','QUILANGA'),('111551','1115','FUNDOCHAMBA'),('111552','1115','SAN ANTONIO DE LAS ARADAS (CAB. EN LAS ARADAS)'),('111650','1116','OLMEDO'),('111651','1116','LA TINGUE'),('120150','1201','BABAHOYO'),('120152','1201','CARACOL'),('120153','1201','FEBRES CORDERO (LAS JUNTAS)'),('120154','1201','PIMOCHA'),('120155','1201','LA UNION'),('120250','1202','BABA'),('120251','1202','GUARE'),('120252','1202','ISLA DE BEJUCAL'),('120350','1203','MONTALVO'),('120351','1203','LA ESMERALDA'),('120450','1204','PUEBLOVIEJO'),('120451','1204','PUERTO PECHICHE'),('120452','1204','SAN JUAN'),('120550','1205','QUEVEDO'),('120553','1205','SAN CARLOS'),('120555','1205','LA ESPERANZA'),('120650','1206','CATARAMA'),('120651','1206','RICAURTE'),('120750','1207','VENTANAS'),('120752','1207','ZAPOTAL'),('120753','1207','CHACARITA'),('120754','1207','LOS ANGELES'),('120850','1208','VINCES'),('120851','1208','ANTONIO SOTOMAYOR (CAB. EN PLAYAS DE VINCES)'),('120950','1209','PALENQUE'),('121050','1210','SAN JACINTO DE BUENA FE'),('121051','1210','PATRICIA PILAR'),('121150','1211','VALENCIA'),('121250','1212','MOCACHE'),('121350','1213','QUINSALOMA'),('130150','1301','PORTOVIEJO'),('130151','1301','ABDON CALDERON (SAN FRANCISCO)'),('130152','1301','ALHAJUELA (BAJO GRANDE)'),('130153','1301','CRUCITA'),('130154','1301','PUEBLO NUEVO'),('130155','1301','RIOCHICO (RIO CHICO)'),('130156','1301','SAN PLACIDO'),('130157','1301','CHIRIJOS'),('130250','1302','CALCETA'),('130251','1302','MEMBRILLO'),('130252','1302','QUIROGA'),('130350','1303','CHONE'),('130351','1303','BOYACA'),('130352','1303','CANUTO'),('130353','1303','CONVENTO'),('130354','1303','CHIBUNGA'),('130355','1303','ELOY ALFARO'),('130356','1303','RICAURTE'),('130357','1303','SAN ANTONIO'),('130450','1304','EL CARMEN'),('130451','1304','WILFRIDO LOOR MOREIRA (MAICITO)'),('130452','1304','SAN PEDRO DE SUMA'),('130550','1305','FLAVIO ALFARO'),('130551','1305','SAN FRANCISCO DE NOVILLO (CAB. EN NOVILLO)'),('130552','1305','ZAPALLO'),('130650','1306','JIPIJAPA'),('130651','1306','AMERICA'),('130652','1306','EL ANEGADO (CAB. EN ELOY ALFARO)'),('130653','1306','JULCUY'),('130654','1306','LA UNION'),('130656','1306','MEMBRILLAL'),('130657','1306','PEDRO PABLO GOMEZ'),('130658','1306','PUERTO DE CAYO'),('130750','1307','JUNIN'),('130850','1308','MANTA'),('130851','1308','SAN LORENZO'),('130852','1308','SANTA MARIANITA (BOCA DE PACOCHE)'),('130950','1309','MONTECRISTI'),('130952','1309','LA PILA'),('131050','1310','PAJAN'),('131051','1310','CAMPOZANO (LA PALMA DE PAJAN)'),('131052','1310','CASCOL'),('131053','1310','GUALE'),('131054','1310','LASCANO'),('131150','1311','PICHINCHA'),('131151','1311','BARRAGANETE'),('131152','1311','SAN SEBASTIAN'),('131250','1312','ROCAFUERTE'),('131350','1313','SANTA ANA DE VUELTA LARGA'),('131351','1313','AYACUCHO'),('131352','1313','HONORATO VASQUEZ (CAB EN VASQUEZ)'),('131353','1313','LA UNION'),('131355','1313','SAN PABLO (CAB EN PUEBLO NUEVO)'),('131450','1314','BAHIA DE CARAQUEZ'),('131453','1314','CHARAPOTO'),('131457','1314','SAN ISIDRO'),('131550','1315','TOSAGUA'),('131551','1315','BACHILLERO'),('131552','1315','ANGEL PEDRO GILER (LA ESTANCILLA)'),('131650','1316','SUCRE'),('131651','1316','BELLAVISTA'),('131652','1316','NOBOA'),('131653','1316','ARQUITECTO SIXTO DURAN BALLEN'),('131750','1317','PEDERNALES'),('131751','1317','COJIMIES'),('131752','1317','DIEZ DE AGOSTO'),('131753','1317','ATAHUALPA'),('131850','1318','OLMEDO'),('131950','1319','PUERTO LOPEZ'),('131951','1319','MACHALILLA'),('131952','1319','SALANGO'),('132050','1320','JAMA'),('132150','1321','JARAMIJO'),('132250','1322','SAN VICENTE'),('132251','1322','CANOA'),('140150','1401','MACAS'),('140151','1401','ALSHI (CAB EN 9 DE OCTUBRE)'),('140153','1401','GENERAL PROAÑO'),('140156','1401','SAN ISIDRO'),('140157','1401','SEVILLA DON BOSCO'),('140158','1401','SINAI'),('140160','1401','ZUÑA (ZUÑAC)'),('140162','1401','CUCHAENTZA'),('140164','1401','RIO BLANCO'),('140250','1402','GUALAQUIZA'),('140251','1402','AMAZONAS (ROSARIO DE CUYES)'),('140252','1402','BERMEJOS'),('140253','1402','BOMBOIZA'),('140254','1402','CHIGUINDA'),('140255','1402','EL ROSARIO'),('140256','1402','NUEVA TARQUI'),('140257','1402','SAN MIGUEL DE CUYES'),('140258','1402','EL IDEAL'),('140350','1403','GENERAL LEONIDAS PLAZA GUTIERREZ'),('140351','1403','INDANZA'),('140353','1403','SAN ANTONIO (CAB EN SAN ANTONIO CENTRO)'),('140356','1403','SAN MIGUEL DE CONCHAY'),('140357','1403','STA SUSANA DE CHIVIAZA (CAB EN CHIVIAZA)'),('140358','1403','YUNGANZA (CAB EN EL ROSARIO)'),('140450','1404','PALORA (METZERA)'),('140451','1404','ARAPICOS'),('140452','1404','CUMANDA (CAB EN COLONIA AGRICOLA SEVILLA DEL ORO)'),('140454','1404','SANGAY (CAB EN NAYAMANACA)'),('140455','1404','16 DE AGOSTO'),('140550','1405','SANTIAGO DE MENDEZ'),('140551','1405','COPAL'),('140552','1405','CHUPIANZA'),('140553','1405','PATUCA'),('140554','1405','SAN LUIS DE EL ACHO (CAB EN EL ACHO)'),('140556','1405','TAYUZA'),('140557','1405','SAN FRANCISCO DE CHINIMBIMI'),('140650','1406','SUCUA'),('140651','1406','ASUNCION'),('140652','1406','HUAMBI'),('140655','1406','SANTA MARIANITA DE JESUS'),('140750','1407','HUAMBOYA'),('140751','1407','CHIGUAZA'),('140850','1408','SAN JUAN BOSCO'),('140851','1408','PAN DE AZUCAR'),('140852','1408','SAN CARLOS DE LIMON'),('140853','1408','SAN JACINTO DE WAKAMBEIS'),('140854','1408','SANTIAGO DE PANANZA'),('140950','1409','TAISHA'),('140951','1409','HUASAGA (CAB EN WAMPUIK)'),('140952','1409','MACUMA'),('140953','1409','TUUTINENTZA'),('140954','1409','PUMPUENTSA'),('141050','1410','LOGROÑO'),('141051','1410','YAUPI'),('141052','1410','SHIMPIS'),('141150','1411','PABLO SEXTO'),('141250','1412','SANTIAGO'),('141251','1412','SAN JOSE DE MORONA'),('150150','1501','TENA'),('150151','1501','AHUANO'),('150153','1501','CHONTAPUNTA'),('150154','1501','PANO'),('150155','1501','PUERTO MISAHUALLI'),('150156','1501','PUERTO NAPO'),('150157','1501','TALAG'),('150158','1501','SAN JUAN DE MUYUNA'),('150350','1503','ARCHIDONA'),('150352','1503','COTUNDO'),('150354','1503','SAN PABLO DE USHPAYACU'),('150356','1503','HATUN SUMAKU'),('150450','1504','EL CHACO'),('150451','1504','GONZALO DIAZ DE PINEDA (EL BOMBON)'),('150452','1504','LINARES'),('150453','1504','OYACACHI'),('150454','1504','SANTA ROSA'),('150455','1504','SARDINAS'),('150750','1507','BAEZA'),('150751','1507','COSANGA'),('150752','1507','CUYUJA'),('150753','1507','PAPALLACTA'),('150754','1507','SAN FRANCISCO DE BORJA (VIRGILIO DAVILA)'),('150756','1507','SUMACO'),('150950','1509','CARLOS JULIO AROSEMENA TOLA'),('160150','1601','PUYO'),('160152','1601','CANELOS'),('160154','1601','DIEZ DE AGOSTO'),('160155','1601','FATIMA'),('160156','1601','MONTALVO (ANDOAS)'),('160157','1601','POMONA'),('160158','1601','RIO CORRIENTES'),('160159','1601','RIO TIGRE'),('160161','1601','SARAYACU'),('160162','1601','SIMON BOLIVAR (CAB. EN MUSHULLACTA)'),('160163','1601','TARQUI'),('160164','1601','TENIENTE HUGO ORTIZ'),('160165','1601','VERACRUZ (INDILLAMA) (CAB. EN INDILLAMA)'),('160166','1601','EL TRIUNFO'),('160250','1602','MERA'),('160251','1602','MADRE TIERRA'),('160252','1602','SHELL'),('160350','1603','SANTA CLARA'),('160351','1603','SAN JOSE'),('160450','1604','ARAJUNO'),('160451','1604','CURARAY'),('170150','1701','QUITO'),('170151','1701','ALANGASI'),('170152','1701','AMAGUAÑA'),('170153','1701','ATAHUALPA (HABASPAMBA)'),('170154','1701','CALACALI'),('170155','1701','CALDERON (CARAPUNGO)'),('170156','1701','CONOCOTO'),('170157','1701','CUMBAYA'),('170158','1701','CHAVEZPAMBA'),('170159','1701','CHECA (CHILPA)'),('170160','1701','EL QUINCHE'),('170161','1701','GUALEA'),('170162','1701','GUANGOPOLO'),('170163','1701','GUAYLLABAMBA'),('170164','1701','LA MERCED'),('170165','1701','LLANO CHICO'),('170166','1701','LLOA'),('170168','1701','NANEGAL'),('170169','1701','NANEGALITO'),('170170','1701','NAYON'),('170171','1701','NONO'),('170172','1701','PACTO'),('170174','1701','PERUCHO'),('170175','1701','PIFO'),('170176','1701','PINTAG'),('170177','1701','POMASQUI'),('170178','1701','PUELLARO'),('170179','1701','PUEMBO'),('170180','1701','SAN ANTONIO'),('170181','1701','SAN JOSE DE MINAS'),('170183','1701','TABABELA'),('170184','1701','TUMBACO'),('170185','1701','YARUQUI'),('170186','1701','ZAMBIZA'),('170250','1702','CAYAMBE'),('170251','1702','ASCAZUBI'),('170252','1702','CANGAHUA'),('170253','1702','OLMEDO (PESILLO)'),('170254','1702','OTON'),('170255','1702','SANTA ROSA DE CUZUBAMBA'),('170256','1702','SAN JOSE DE AYORA'),('170350','1703','MACHACHI'),('170351','1703','ALOAG'),('170352','1703','ALOASI'),('170353','1703','CUTUGLAHUA'),('170354','1703','EL CHAUPI'),('170355','1703','MANUEL CORNEJO ASTORGA (TANDAPI)'),('170356','1703','TAMBILLO'),('170357','1703','UYUMBICHO'),('170450','1704','TABACUNDO'),('170451','1704','LA ESPERANZA'),('170452','1704','MALCHINGUI'),('170453','1704','TOCACHI'),('170454','1704','TUPIGACHI'),('170550','1705','SANGOLQUI'),('170551','1705','COTOGCHOA'),('170552','1705','RUMIPAMBA'),('170750','1707','SAN MIGUEL DE LOS BANCOS'),('170751','1707','MINDO'),('170850','1708','PEDRO VICENTE MALDONADO'),('170950','1709','PUERTO QUITO'),('180150','1801','AMBATO'),('180151','1801','AMBATILLO'),('180152','1801','ATAHUALPA (CHISALATA)'),('180153','1801','AUGUSTO N. MARTINEZ (MUNDUGLEO)'),('180154','1801','CONSTANTINO FERNANDEZ (CAB. EN CULLITAHUA)'),('180155','1801','HUACHI GRANDE'),('180156','1801','IZAMBA'),('180157','1801','JUAN BENIGNO VELA'),('180158','1801','MONTALVO'),('180159','1801','PASA'),('180160','1801','PICAIGUA'),('180161','1801','PILAGUIN (PILAHUIN)'),('180162','1801','QUISAPINCHA (QUIZAPINCHA)'),('180163','1801','SAN BARTOLOME DE PINLLO'),('180164','1801','SAN FERNANDO (PASA SAN FERNANDO)'),('180165','1801','SANTA ROSA'),('180166','1801','TOTORAS'),('180167','1801','CUNCHIBAMBA'),('180168','1801','UNAMUNCHO'),('180250','1802','BAÑOS DE AGUA SANTA'),('180251','1802','LLIGUA'),('180252','1802','RIO NEGRO'),('180253','1802','RIO VERDE'),('180254','1802','ULBA'),('180350','1803','CEVALLOS'),('180450','1804','MOCHA'),('180451','1804','PINGUILI'),('180550','1805','PATATE'),('180551','1805','EL TRIUNFO'),('180552','1805','LOS ANDES (CAB. EN POATUG)'),('180553','1805','SUCRE (CAB. EN SUCRE-PATATE URCU)'),('180650','1806','QUERO'),('180651','1806','RUMIPAMBA'),('180652','1806','YANAYACU- MOCHAPATA (CAB. EN YANAYACU)'),('180750','1807','PELILEO'),('180751','1807','BENITEZ (PACHANLICA)'),('180752','1807','BOLIVAR'),('180753','1807','COTALO'),('180754','1807','CHIQUICHA (CAB. EN CHIQUICHA GRANDE)'),('180755','1807','EL ROSARIO (RUMICHACA)'),('180756','1807','GARCIA MORENO (CHUMAQUI)'),('180757','1807','GUAMBALO (HUAMBALO)'),('180758','1807','SALASACA'),('180850','1808','PILLARO'),('180851','1808','BAQUERIZO MORENO'),('180852','1808','EMILIO MARIA TERAN (RUMIPAMBA)'),('180853','1808','MARCOS ESPINEL (CHACATA)'),('180854','1808','PRESIDENTE URBINA (CHAGRAPAMBA -PATZUCUL)'),('180855','1808','SAN ANDRES'),('180856','1808','SAN JOSE DE POALO'),('180857','1808','SAN MIGUELITO'),('180950','1809','TISALEO'),('180951','1809','QUINCHICOTO'),('190150','1901','ZAMORA'),('190151','1901','CUMBARATZA'),('190152','1901','GUADALUPE'),('190153','1901','IMBANA (LA VICTORIA DE IMBANA)'),('190155','1901','SABANILLA'),('190156','1901','TIMBARA'),('190158','1901','SAN CARLOS DE LAS MINAS'),('190250','1902','ZUMBA'),('190251','1902','CHITO'),('190252','1902','EL CHORRO'),('190254','1902','LA CHONTA'),('190256','1902','PUCAPAMBA'),('190259','1902','SAN ANDRES'),('190350','1903','GUAYZIMI'),('190351','1903','ZURMI'),('190352','1903','NUEVO PARAISO'),('190450','1904','28 DE MAYO (SAN JOSE DE YACUAMBI)'),('190451','1904','LA PAZ'),('190452','1904','TUTUPALI'),('190550','1905','YANTZAZA (YANZATZA)'),('190551','1905','CHICAÑA'),('190553','1905','LOS ENCUENTROS'),('190650','1906','EL PANGUI'),('190651','1906','EL GUISME'),('190652','1906','PACHICUTZA'),('190653','1906','TUNDAYME'),('190750','1907','ZUMBI'),('190752','1907','TRIUNFO-DORADO'),('190753','1907','PANGUINTZA'),('190850','1908','PALANDA'),('190851','1908','EL PORVENIR DEL CARMEN'),('190852','1908','SAN FRANCISCO DEL VERGEL'),('190853','1908','VALLADOLID'),('190854','1908','LA CANELA'),('190950','1909','PAQUISHA'),('190951','1909','BELLAVISTA'),('190952','1909','NUEVO QUITO'),('200150','2001','PUERTO BAQUERIZO MORENO'),('200151','2001','EL PROGRESO'),('200152','2001','ISLA SANTA MAR═A (FLOREANA) (CAB. EN  PTO. VELASCO'),('200250','2002','PUERTO VILLAMIL'),('200251','2002','TOMAS DE BERLANGA (SANTO TOMAS)'),('200350','2003','PUERTO AYORA'),('200351','2003','BELLAVISTA'),('200352','2003','SANTA ROSA'),('210150','2101','NUEVA LOJA'),('210152','2101','DURENO'),('210153','2101','GENERAL FARFAN'),('210155','2101','EL ENO'),('210156','2101','PACAYACU'),('210157','2101','JAMBELI'),('210158','2101','SANTA CECILIA'),('210160','2101','10 DE AGOSTO'),('210250','2102','LUMBAQUI'),('210251','2102','EL REVENTADOR'),('210252','2102','GONZALO PIZARRO'),('210254','2102','PUERTO LIBRE'),('210350','2103','PUERTO EL CARMEN DEL PUTUMAYO'),('210351','2103','PALMA ROJA'),('210352','2103','PUERTO BOLIVAR (PUERTO MONTUFAR)'),('210353','2103','PUERTO RODRIGUEZ'),('210354','2103','SANTA ELENA'),('210450','2104','SHUSHUFINDI'),('210451','2104','LIMONCOCHA'),('210452','2104','PAÑACOCHA'),('210453','2104','SAN ROQUE (CAB. EN SAN VICENTE)'),('210454','2104','SAN PEDRO DE LOS COFANES'),('210455','2104','SIETE DE JULIO'),('210550','2105','LA BONITA'),('210551','2105','EL PLAYON DE SAN FRANCISCO'),('210552','2105','LA SOFIA'),('210553','2105','ROSA FLORIDA'),('210554','2105','SANTA BARBARA'),('210650','2106','EL DORADO DE CASCALES'),('210651','2106','SANTA ROSA DE SUCUMBIOS'),('210652','2106','SEVILLA'),('210750','2107','TARAPOA'),('210751','2107','CUYABENO'),('210752','2107','AGUAS NEGRAS'),('220150','2201','PUERTO FRANCISCO DE ORELLANA (EL COCA)'),('220151','2201','DAYUMA'),('220152','2201','TARACOA (NUEVA ESPERANZA: YUCA)'),('220153','2201','ALEJANDRO LABAKA'),('220154','2201','EL DORADO'),('220155','2201','EL EDEN'),('220156','2201','GARCIA MORENO'),('220157','2201','INES ARANGO (CAB. EN WESTERN)'),('220158','2201','LA BELLEZA'),('220159','2201','NUEVO PARAISO (CAB. EN UNION )'),('220160','2201','SAN JOSE DE GUAYUSA'),('220161','2201','SAN LUIS DE ARMENIA'),('220250','2202','NUEVO ROCAFUERTE'),('220251','2202','CAPITAN AUGUSTO RIVADENEYRA'),('220252','2202','CONONACO'),('220253','2202','SANTA MARIA DE HUIRIRIMA'),('220254','2202','TIPUTINI'),('220255','2202','YASUNI'),('220350','2203','LA JOYA DE LOS SACHAS'),('220351','2203','ENOKANQUI'),('220352','2203','POMPEYA'),('220353','2203','SAN CARLOS'),('220354','2203','SAN SEBASTIAN DEL COCA'),('220355','2203','LAGO SAN PEDRO'),('220356','2203','RUMIPAMBA'),('220357','2203','TRES DE NOVIEMBRE'),('220358','2203','UNION MILAGREÑA'),('220450','2204','LORETO'),('220451','2204','AVILA (CAB. EN HUIRUNO)'),('220452','2204','PUERTO MURIALDO'),('220453','2204','SAN JOSE DE PAYAMINO'),('220454','2204','SAN JOSE DE DAHUANO'),('220455','2204','SAN VICENTE DE HUATICOCHA'),('230150','2301','SANTO DOMINGO DE LOS COLORADOS'),('230151','2301','ALLURIQUIN'),('230152','2301','PUERTO LIMON'),('230153','2301','LUZ DE AMERICA'),('230154','2301','SAN JACINTO DEL BUA'),('230155','2301','VALLE HERMOSO'),('230156','2301','EL ESFUERZO'),('230157','2301','SANTA MARIA DEL TOACHI'),('230250','2302','LA CONCORDIA'),('230251','2302','MONTERREY'),('230252','2302','LA VILLEGAS'),('230253','2302','PLAN PILOTO'),('240150','2401','SANTA ELENA'),('240151','2401','ATAHUALPA'),('240152','2401','COLONCHE'),('240153','2401','CHANDUY'),('240154','2401','MANGLARALTO'),('240155','2401','SIMON BOLIVAR (JULIO MORENO)'),('240156','2401','SAN JOSE DE ANCON'),('240250','2402','LA LIBERTAD'),('240350','2403','SALINAS'),('240351','2403','ANCONCITO'),('240352','2403','JOSE LUIS TAMAYO (MUEY)'),('900151','9001','LAS GOLONDRINAS'),('900451','9004','EL PIEDRERO'),('900551','9005','SANTA ROSA DE AGUA CLARA'),('900651','9006','JUVAL'),('900751','9007','ABDON CALDERON'),('900851','9008','MATILDE ESTHER');
/*!40000 ALTER TABLE `area_postal` ENABLE KEYS */;
--UNLOCK TABLES;

--
-- Dumping data for table `ciudades`
--


--
-- Dumping data for table `paises`
--

--LOCK TABLES `paises` WRITE;
--UNLOCK TABLES;
/*!40103 SET TIME_ZONE=@OLD_TIME_ZONE */;

/*!40101 SET SQL_MODE=@OLD_SQL_MODE */;
/*!40014 SET FOREIGN_KEY_CHECKS=@OLD_FOREIGN_KEY_CHECKS */;
/*!40014 SET UNIQUE_CHECKS=@OLD_UNIQUE_CHECKS */;
/*!40101 SET CHARACTER_SET_CLIENT=@OLD_CHARACTER_SET_CLIENT */;
/*!40101 SET CHARACTER_SET_RESULTS=@OLD_CHARACTER_SET_RESULTS */;
/*!40101 SET COLLATION_CONNECTION=@OLD_COLLATION_CONNECTION */;
/*!40111 SET SQL_NOTES=@OLD_SQL_NOTES */;

-- Dump completed on 2018-01-08  2:39:18
